Workbook

Sheet Practice
A1: Product | B1: Category | C1: Quantity | D1: Unit Price | E1: Total Sales | F1: Clean Category | H1: Clean Category | I1: Total Sales
A2: Notebook | B2: School | C2: 4 | D2: 45 | E2: 180 | F2: =TRIM(PROPER(B2)) -> School | H2: Food | I2: =SUMIF(F2:F7, H2,E2:E7) -> 480
A3: Pen | B3: school | C3: 5 | D3: 15 | E3: 75 | F3: =TRIM(PROPER(B3)) -> School | H3: School | I3: =SUMIF(F2:F7, H3,E2:E7) -> 405
A4: Coffee | B4: Food | C4: 2 | D4: 120 | E4: 240 | F4: =TRIM(PROPER(B4)) -> Food
A5: Notebook | B5: School | C5: 2 | D5: 45 | E5: 90 | F5: =TRIM(PROPER(B5)) -> School
A6: Sandwich | B6: Food | C6: 3 | D6: 80 | E6: 240 | F6: =TRIM(PROPER(B6)) -> Food
A7: Pen | B7: School | C7: 4 | D7: 15 | E7: 60 | F7: =TRIM(PROPER(B7)) -> School
A10: SUM | B10: =SUM(E2:E7) -> 885
A11: AVERAGE | B11: =AVERAGE(E2:E7) -> 147.5
A12: COUNT | B12: =COUNT(E2:E7) -> 6
A13: MIN | B13: =MIN(E2:E7) -> 60
A14: MAX | B14: =MAX(E2:E7) -> 240
A15: SUMIF | B15: =SUMIF(Table19[Category], "Food", Table19[Total Sales]) -> 480
A16: COUNTIF | B16: =COUNTIF(Table19[Category], "Food") -> 2
A17: IF | B17: =IF(Table19[[#Headers],[Total Sales]]>=100, "Good", "Needs Review") -> Good
A18: XLOOKUP | B18: Search Product | C18: Coffee | D18: Price | E18: =_xlfn.XLOOKUP(C18, A2:A7, D2:D7) -> 120

Sheet Sales Data
A1: Product | B1: Category | C1: Quantity | D1: Unit Price | E1: Total Sales
A2: Notebook | B2: School | C2: 4 | D2: 45 | E2: 180
A3: Pen | B3: School | C3: 5 | D3: 15 | E3: 75
A4: Coffee | B4: Food | C4: 2 | D4: 120 | E4: 240
A5: Notebook | B5: School | C5: 2 | D5: 45 | E5: 90
A6: Sandwich | B6: Food | C6: 3 | D6: 80 | E6: 240
A7: Pen | B7: School | C7: 4 | D7: 15 | E7: 60
A10: SUM | B10: =SUM(E2:E7) -> 885
A11: AVERAGE | B11: =AVERAGE(E2:E7) -> 147.5
A12: COUNT | B12: =COUNT(E2:E7) -> 6
A13: MIN | B13: =MIN(E2:E7) -> 60
A14: MAX | B14: =MAX(E2:E7) -> 240
A15: SUMIF | B15: =SUMIF(Table1[Category], "Food", Table1[Total Sales]) -> 480
A16: COUNTIF | B16: =COUNTIF(Table1[Category], "Food") -> 2
A17: IF | B17: =IF(Table1[[#Headers],[Total Sales]]>=100, "Good", "Needs Review") -> Good
A18: XLOOKUP | B18: Search Product | C18: Coffee | D18: Price | E18: =_xlfn.XLOOKUP(C18, A2:A7, D2:D7) -> 120

Sheet Analysis
A1: Row Labels | B1: Sum of Total Sales
A2: Food | B2: 480
A3: School | B3: 405
A4: Grand Total | B4: 885

Sheet Report
A1: Summary | B1: Amount
A2: Total Sales | B2: =SUM('Sales Data'!E2:E7) -> 885
A3: Food Sales | B3: =SUMIF('Sales Data'!B2:B7, "Food", 'Sales Data'!E2:E7) -> 480
A4: School Sales | B4: =SUMIF('Sales Data'!B2:B7, "School", 'Sales Data'!E2:E7) -> 405
A5: Food and School Sales | B5: =SUM('Sales Data'!E2:E7) -> 885
A6: Empty Cells | B6: =COUNTBLANK('Sales Data'!A2:D7) -> 0
